,SentNumber,Quantifier,Matrix,WhichCategory,Subject,Predicate,SentType,Verb,Embedded,Token,MatchingCategory,MismatchingCategory,Group
0,1,some,,Matching,Token,Category,T1,none,0,alligators,reptiles,mamals,A
1,1,some,,Matching,Token,Category,T1,none,0,cats,mammals,fruit,A
2,1,some,,Matching,Token,Category,T1,none,0,crocodiles,reptiles,mamals,B
3,1,some,,Matching,Token,Category,T1,none,0,horses,mammals,fruit,B
4,1,some,,Matching,Token,Category,T1,none,0,chameleons,reptiles,mamals,C
5,1,some,,Matching,Token,Category,T1,none,0,dogs,mammals,fruit,C
6,1,some,,Matching,Token,Category,T1,none,0,iguanas,reptiles,mamals,D
7,1,some,,Matching,Token,Category,T1,none,0,pigs,mammals,fruit,D
8,1,some,,Matching,Token,Category,T1,none,0,lizards,reptiles,mamals,E
9,1,some,,Matching,Token,Category,T1,none,0,elephants,mammals,fruit,E
10,1,some,,Matching,Token,Category,T1,none,0,geckos,reptiles,mamals,F
11,1,some,,Matching,Token,Category,T1,none,0,sheep,mammals,fruit,F
12,1,some,,Matching,Token,Category,T1,none,0,anchovies,fishes,birds,G
13,1,some,,Matching,Token,Category,T1,none,0,wasps,insects,fishes,G
14,1,some,,Matching,Token,Category,T1,none,0,carp,fishes,birds,H
15,1,some,,Matching,Token,Category,T1,none,0,cockroaches,insects,fishes,H
16,1,some,,Matching,Token,Category,T1,none,0,cod,fishes,birds,I
17,1,some,,Matching,Token,Category,T1,none,0,cicadas,insects,fishes,I
18,1,some,,Matching,Token,Category,T1,none,0,piranhas,fishes,birds,J
19,1,some,,Matching,Token,Category,T1,none,0,ants,insects,fishes,J
20,1,some,,Matching,Token,Category,T1,none,0,mackerels,fishes,birds,K
21,1,some,,Matching,Token,Category,T1,none,0,flies,insects,fishes,K
22,1,some,,Matching,Token,Category,T1,none,0,herring,fishes,birds,L
23,1,some,,Matching,Token,Category,T1,none,0,mosquitos,insects,fishes,L
24,1,some,,Matching,Token,Category,T1,none,0,eagles,birds,reptiles,M
25,1,some,,Matching,Token,Category,T1,none,0,strawberries,fruit,insects,M
26,1,some,,Matching,Token,Category,T1,none,0,canaries,birds,reptiles,N
27,1,some,,Matching,Token,Category,T1,none,0,bananas,fruit,insects,N
28,1,some,,Matching,Token,Category,T1,none,0,crows,birds,reptiles,O
29,1,some,,Matching,Token,Category,T1,none,0,apples,fruit,insects,O
30,1,some,,Matching,Token,Category,T1,none,0,owls,birds,reptiles,P
31,1,some,,Matching,Token,Category,T1,none,0,peaches,fruit,insects,P
32,1,some,,Matching,Token,Category,T1,none,0,sparrows,birds,reptiles,Q
33,1,some,,Matching,Token,Category,T1,none,0,pears,fruit,insects,Q
34,1,some,,Matching,Token,Category,T1,none,0,doves,birds,reptiles,R
35,1,some,,Matching,Token,Category,T1,none,0,plums,fruit,insects,R
36,2,some,Zoologists knows that,Matching,Token,Category,T1,know,1,crocodiles,reptiles,mamals,A
37,2,some,Zoologists knows that,Matching,Token,Category,T1,know,1,horses,mammals,fruit,A
38,2,some,Zoologists knows that,Matching,Token,Category,T1,know,1,chameleons,reptiles,mamals,B
39,2,some,Zoologists knows that,Matching,Token,Category,T1,know,1,dogs,mammals,fruit,B
40,2,some,Zoologists knows that,Matching,Token,Category,T1,know,1,iguanas,reptiles,mamals,C
41,2,some,Zoologists knows that,Matching,Token,Category,T1,know,1,pigs,mammals,fruit,C
42,2,some,Zoologists knows that,Matching,Token,Category,T1,know,1,lizards,reptiles,mamals,D
43,2,some,Zoologists knows that,Matching,Token,Category,T1,know,1,elephants,mammals,fruit,D
44,2,some,Zoologists knows that,Matching,Token,Category,T1,know,1,geckos,reptiles,mamals,E
45,2,some,Zoologists knows that,Matching,Token,Category,T1,know,1,sheep,mammals,fruit,E
46,2,some,Zoologists knows that,Matching,Token,Category,T1,know,1,anchovies,fishes,birds,F
47,2,some,Zoologists knows that,Matching,Token,Category,T1,know,1,wasps,insects,fishes,F
48,2,some,Zoologists knows that,Matching,Token,Category,T1,know,1,carp,fishes,birds,G
49,2,some,Zoologists knows that,Matching,Token,Category,T1,know,1,cockroaches,insects,fishes,G
50,2,some,Zoologists knows that,Matching,Token,Category,T1,know,1,cod,fishes,birds,H
51,2,some,Zoologists knows that,Matching,Token,Category,T1,know,1,cicadas,insects,fishes,H
52,2,some,Zoologists knows that,Matching,Token,Category,T1,know,1,piranhas,fishes,birds,I
53,2,some,Zoologists knows that,Matching,Token,Category,T1,know,1,ants,insects,fishes,I
54,2,some,Zoologists knows that,Matching,Token,Category,T1,know,1,mackerels,fishes,birds,J
55,2,some,Zoologists knows that,Matching,Token,Category,T1,know,1,flies,insects,fishes,J
56,2,some,Zoologists knows that,Matching,Token,Category,T1,know,1,herring,fishes,birds,K
57,2,some,Zoologists knows that,Matching,Token,Category,T1,know,1,mosquitos,insects,fishes,K
58,2,some,Zoologists knows that,Matching,Token,Category,T1,know,1,eagles,birds,reptiles,L
59,2,some,Zoologists knows that,Matching,Token,Category,T1,know,1,strawberries,fruit,insects,L
60,2,some,Zoologists knows that,Matching,Token,Category,T1,know,1,canaries,birds,reptiles,M
61,2,some,Zoologists knows that,Matching,Token,Category,T1,know,1,bananas,fruit,insects,M
62,2,some,Zoologists knows that,Matching,Token,Category,T1,know,1,crows,birds,reptiles,N
63,2,some,Zoologists knows that,Matching,Token,Category,T1,know,1,apples,fruit,insects,N
64,2,some,Zoologists knows that,Matching,Token,Category,T1,know,1,owls,birds,reptiles,O
65,2,some,Zoologists knows that,Matching,Token,Category,T1,know,1,peaches,fruit,insects,O
66,2,some,Zoologists knows that,Matching,Token,Category,T1,know,1,sparrows,birds,reptiles,P
67,2,some,Zoologists knows that,Matching,Token,Category,T1,know,1,pears,fruit,insects,P
68,2,some,Zoologists knows that,Matching,Token,Category,T1,know,1,doves,birds,reptiles,Q
69,2,some,Zoologists knows that,Matching,Token,Category,T1,know,1,plums,fruit,insects,Q
70,2,some,Zoologists knows that,Matching,Token,Category,T1,know,1,alligators,reptiles,mamals,R
71,2,some,Zoologists knows that,Matching,Token,Category,T1,know,1,cats,mammals,fruit,R
72,3,some,Zoologists says that,Matching,Token,Category,T1,say,1,chameleons,reptiles,mamals,A
73,3,some,Zoologists says that,Matching,Token,Category,T1,say,1,dogs,mammals,fruit,A
74,3,some,Zoologists says that,Matching,Token,Category,T1,say,1,iguanas,reptiles,mamals,B
75,3,some,Zoologists says that,Matching,Token,Category,T1,say,1,pigs,mammals,fruit,B
76,3,some,Zoologists says that,Matching,Token,Category,T1,say,1,lizards,reptiles,mamals,C
77,3,some,Zoologists says that,Matching,Token,Category,T1,say,1,elephants,mammals,fruit,C
78,3,some,Zoologists says that,Matching,Token,Category,T1,say,1,geckos,reptiles,mamals,D
79,3,some,Zoologists says that,Matching,Token,Category,T1,say,1,sheep,mammals,fruit,D
80,3,some,Zoologists says that,Matching,Token,Category,T1,say,1,anchovies,fishes,birds,E
81,3,some,Zoologists says that,Matching,Token,Category,T1,say,1,wasps,insects,fishes,E
82,3,some,Zoologists says that,Matching,Token,Category,T1,say,1,carp,fishes,birds,F
83,3,some,Zoologists says that,Matching,Token,Category,T1,say,1,cockroaches,insects,fishes,F
84,3,some,Zoologists says that,Matching,Token,Category,T1,say,1,cod,fishes,birds,G
85,3,some,Zoologists says that,Matching,Token,Category,T1,say,1,cicadas,insects,fishes,G
86,3,some,Zoologists says that,Matching,Token,Category,T1,say,1,piranhas,fishes,birds,H
87,3,some,Zoologists says that,Matching,Token,Category,T1,say,1,ants,insects,fishes,H
88,3,some,Zoologists says that,Matching,Token,Category,T1,say,1,mackerels,fishes,birds,I
89,3,some,Zoologists says that,Matching,Token,Category,T1,say,1,flies,insects,fishes,I
90,3,some,Zoologists says that,Matching,Token,Category,T1,say,1,herring,fishes,birds,J
91,3,some,Zoologists says that,Matching,Token,Category,T1,say,1,mosquitos,insects,fishes,J
92,3,some,Zoologists says that,Matching,Token,Category,T1,say,1,eagles,birds,reptiles,K
93,3,some,Zoologists says that,Matching,Token,Category,T1,say,1,strawberries,fruit,insects,K
94,3,some,Zoologists says that,Matching,Token,Category,T1,say,1,canaries,birds,reptiles,L
95,3,some,Zoologists says that,Matching,Token,Category,T1,say,1,bananas,fruit,insects,L
96,3,some,Zoologists says that,Matching,Token,Category,T1,say,1,crows,birds,reptiles,M
97,3,some,Zoologists says that,Matching,Token,Category,T1,say,1,apples,fruit,insects,M
98,3,some,Zoologists says that,Matching,Token,Category,T1,say,1,owls,birds,reptiles,N
99,3,some,Zoologists says that,Matching,Token,Category,T1,say,1,peaches,fruit,insects,N
100,3,some,Zoologists says that,Matching,Token,Category,T1,say,1,sparrows,birds,reptiles,O
101,3,some,Zoologists says that,Matching,Token,Category,T1,say,1,pears,fruit,insects,O
102,3,some,Zoologists says that,Matching,Token,Category,T1,say,1,doves,birds,reptiles,P
103,3,some,Zoologists says that,Matching,Token,Category,T1,say,1,plums,fruit,insects,P
104,3,some,Zoologists says that,Matching,Token,Category,T1,say,1,alligators,reptiles,mamals,Q
105,3,some,Zoologists says that,Matching,Token,Category,T1,say,1,cats,mammals,fruit,Q
106,3,some,Zoologists says that,Matching,Token,Category,T1,say,1,crocodiles,reptiles,mamals,R
107,3,some,Zoologists says that,Matching,Token,Category,T1,say,1,horses,mammals,fruit,R
108,4,some,,Mismatching,Token,Category,T3,none,0,iguanas,reptiles,mamals,A
109,4,some,,Mismatching,Token,Category,T3,none,0,pigs,mammals,fruit,A
110,4,some,,Mismatching,Token,Category,T3,none,0,lizards,reptiles,mamals,B
111,4,some,,Mismatching,Token,Category,T3,none,0,elephants,mammals,fruit,B
112,4,some,,Mismatching,Token,Category,T3,none,0,geckos,reptiles,mamals,C
113,4,some,,Mismatching,Token,Category,T3,none,0,sheep,mammals,fruit,C
114,4,some,,Mismatching,Token,Category,T3,none,0,anchovies,fishes,birds,D
115,4,some,,Mismatching,Token,Category,T3,none,0,wasps,insects,fishes,D
116,4,some,,Mismatching,Token,Category,T3,none,0,carp,fishes,birds,E
117,4,some,,Mismatching,Token,Category,T3,none,0,cockroaches,insects,fishes,E
118,4,some,,Mismatching,Token,Category,T3,none,0,cod,fishes,birds,F
119,4,some,,Mismatching,Token,Category,T3,none,0,cicadas,insects,fishes,F
120,4,some,,Mismatching,Token,Category,T3,none,0,piranhas,fishes,birds,G
121,4,some,,Mismatching,Token,Category,T3,none,0,ants,insects,fishes,G
122,4,some,,Mismatching,Token,Category,T3,none,0,mackerels,fishes,birds,H
123,4,some,,Mismatching,Token,Category,T3,none,0,flies,insects,fishes,H
124,4,some,,Mismatching,Token,Category,T3,none,0,herring,fishes,birds,I
125,4,some,,Mismatching,Token,Category,T3,none,0,mosquitos,insects,fishes,I
126,4,some,,Mismatching,Token,Category,T3,none,0,eagles,birds,reptiles,J
127,4,some,,Mismatching,Token,Category,T3,none,0,strawberries,fruit,insects,J
128,4,some,,Mismatching,Token,Category,T3,none,0,canaries,birds,reptiles,K
129,4,some,,Mismatching,Token,Category,T3,none,0,bananas,fruit,insects,K
130,4,some,,Mismatching,Token,Category,T3,none,0,crows,birds,reptiles,L
131,4,some,,Mismatching,Token,Category,T3,none,0,apples,fruit,insects,L
132,4,some,,Mismatching,Token,Category,T3,none,0,owls,birds,reptiles,M
133,4,some,,Mismatching,Token,Category,T3,none,0,peaches,fruit,insects,M
134,4,some,,Mismatching,Token,Category,T3,none,0,sparrows,birds,reptiles,N
135,4,some,,Mismatching,Token,Category,T3,none,0,pears,fruit,insects,N
136,4,some,,Mismatching,Token,Category,T3,none,0,doves,birds,reptiles,O
137,4,some,,Mismatching,Token,Category,T3,none,0,plums,fruit,insects,O
138,4,some,,Mismatching,Token,Category,T3,none,0,alligators,reptiles,mamals,P
139,4,some,,Mismatching,Token,Category,T3,none,0,cats,mammals,fruit,P
140,4,some,,Mismatching,Token,Category,T3,none,0,crocodiles,reptiles,mamals,Q
141,4,some,,Mismatching,Token,Category,T3,none,0,horses,mammals,fruit,Q
142,4,some,,Mismatching,Token,Category,T3,none,0,chameleons,reptiles,mamals,R
143,4,some,,Mismatching,Token,Category,T3,none,0,dogs,mammals,fruit,R
144,5,some,Zoologists knows that,Mismatching,Token,Category,T3,know,1,lizards,reptiles,mamals,A
145,5,some,Zoologists knows that,Mismatching,Token,Category,T3,know,1,elephants,mammals,fruit,A
146,5,some,Zoologists knows that,Mismatching,Token,Category,T3,know,1,geckos,reptiles,mamals,B
147,5,some,Zoologists knows that,Mismatching,Token,Category,T3,know,1,sheep,mammals,fruit,B
148,5,some,Zoologists knows that,Mismatching,Token,Category,T3,know,1,anchovies,fishes,birds,C
149,5,some,Zoologists knows that,Mismatching,Token,Category,T3,know,1,wasps,insects,fishes,C
150,5,some,Zoologists knows that,Mismatching,Token,Category,T3,know,1,carp,fishes,birds,D
151,5,some,Zoologists knows that,Mismatching,Token,Category,T3,know,1,cockroaches,insects,fishes,D
152,5,some,Zoologists knows that,Mismatching,Token,Category,T3,know,1,cod,fishes,birds,E
153,5,some,Zoologists knows that,Mismatching,Token,Category,T3,know,1,cicadas,insects,fishes,E
154,5,some,Zoologists knows that,Mismatching,Token,Category,T3,know,1,piranhas,fishes,birds,F
155,5,some,Zoologists knows that,Mismatching,Token,Category,T3,know,1,ants,insects,fishes,F
156,5,some,Zoologists knows that,Mismatching,Token,Category,T3,know,1,mackerels,fishes,birds,G
157,5,some,Zoologists knows that,Mismatching,Token,Category,T3,know,1,flies,insects,fishes,G
158,5,some,Zoologists knows that,Mismatching,Token,Category,T3,know,1,herring,fishes,birds,H
159,5,some,Zoologists knows that,Mismatching,Token,Category,T3,know,1,mosquitos,insects,fishes,H
160,5,some,Zoologists knows that,Mismatching,Token,Category,T3,know,1,eagles,birds,reptiles,I
161,5,some,Zoologists knows that,Mismatching,Token,Category,T3,know,1,strawberries,fruit,insects,I
162,5,some,Zoologists knows that,Mismatching,Token,Category,T3,know,1,canaries,birds,reptiles,J
163,5,some,Zoologists knows that,Mismatching,Token,Category,T3,know,1,bananas,fruit,insects,J
164,5,some,Zoologists knows that,Mismatching,Token,Category,T3,know,1,crows,birds,reptiles,K
165,5,some,Zoologists knows that,Mismatching,Token,Category,T3,know,1,apples,fruit,insects,K
166,5,some,Zoologists knows that,Mismatching,Token,Category,T3,know,1,owls,birds,reptiles,L
167,5,some,Zoologists knows that,Mismatching,Token,Category,T3,know,1,peaches,fruit,insects,L
168,5,some,Zoologists knows that,Mismatching,Token,Category,T3,know,1,sparrows,birds,reptiles,M
169,5,some,Zoologists knows that,Mismatching,Token,Category,T3,know,1,pears,fruit,insects,M
170,5,some,Zoologists knows that,Mismatching,Token,Category,T3,know,1,doves,birds,reptiles,N
171,5,some,Zoologists knows that,Mismatching,Token,Category,T3,know,1,plums,fruit,insects,N
172,5,some,Zoologists knows that,Mismatching,Token,Category,T3,know,1,alligators,reptiles,mamals,O
173,5,some,Zoologists knows that,Mismatching,Token,Category,T3,know,1,cats,mammals,fruit,O
174,5,some,Zoologists knows that,Mismatching,Token,Category,T3,know,1,crocodiles,reptiles,mamals,P
175,5,some,Zoologists knows that,Mismatching,Token,Category,T3,know,1,horses,mammals,fruit,P
176,5,some,Zoologists knows that,Mismatching,Token,Category,T3,know,1,chameleons,reptiles,mamals,Q
177,5,some,Zoologists knows that,Mismatching,Token,Category,T3,know,1,dogs,mammals,fruit,Q
178,5,some,Zoologists knows that,Mismatching,Token,Category,T3,know,1,iguanas,reptiles,mamals,R
179,5,some,Zoologists knows that,Mismatching,Token,Category,T3,know,1,pigs,mammals,fruit,R
180,6,some,Zoologists says that,Mismatching,Token,Category,T3,say,1,geckos,reptiles,mamals,A
181,6,some,Zoologists says that,Mismatching,Token,Category,T3,say,1,sheep,mammals,fruit,A
182,6,some,Zoologists says that,Mismatching,Token,Category,T3,say,1,anchovies,fishes,birds,B
183,6,some,Zoologists says that,Mismatching,Token,Category,T3,say,1,wasps,insects,fishes,B
184,6,some,Zoologists says that,Mismatching,Token,Category,T3,say,1,carp,fishes,birds,C
185,6,some,Zoologists says that,Mismatching,Token,Category,T3,say,1,cockroaches,insects,fishes,C
186,6,some,Zoologists says that,Mismatching,Token,Category,T3,say,1,cod,fishes,birds,D
187,6,some,Zoologists says that,Mismatching,Token,Category,T3,say,1,cicadas,insects,fishes,D
188,6,some,Zoologists says that,Mismatching,Token,Category,T3,say,1,piranhas,fishes,birds,E
189,6,some,Zoologists says that,Mismatching,Token,Category,T3,say,1,ants,insects,fishes,E
190,6,some,Zoologists says that,Mismatching,Token,Category,T3,say,1,mackerels,fishes,birds,F
191,6,some,Zoologists says that,Mismatching,Token,Category,T3,say,1,flies,insects,fishes,F
192,6,some,Zoologists says that,Mismatching,Token,Category,T3,say,1,herring,fishes,birds,G
193,6,some,Zoologists says that,Mismatching,Token,Category,T3,say,1,mosquitos,insects,fishes,G
194,6,some,Zoologists says that,Mismatching,Token,Category,T3,say,1,eagles,birds,reptiles,H
195,6,some,Zoologists says that,Mismatching,Token,Category,T3,say,1,strawberries,fruit,insects,H
196,6,some,Zoologists says that,Mismatching,Token,Category,T3,say,1,canaries,birds,reptiles,I
197,6,some,Zoologists says that,Mismatching,Token,Category,T3,say,1,bananas,fruit,insects,I
198,6,some,Zoologists says that,Mismatching,Token,Category,T3,say,1,crows,birds,reptiles,J
199,6,some,Zoologists says that,Mismatching,Token,Category,T3,say,1,apples,fruit,insects,J
200,6,some,Zoologists says that,Mismatching,Token,Category,T3,say,1,owls,birds,reptiles,K
201,6,some,Zoologists says that,Mismatching,Token,Category,T3,say,1,peaches,fruit,insects,K
202,6,some,Zoologists says that,Mismatching,Token,Category,T3,say,1,sparrows,birds,reptiles,L
203,6,some,Zoologists says that,Mismatching,Token,Category,T3,say,1,pears,fruit,insects,L
204,6,some,Zoologists says that,Mismatching,Token,Category,T3,say,1,doves,birds,reptiles,M
205,6,some,Zoologists says that,Mismatching,Token,Category,T3,say,1,plums,fruit,insects,M
206,6,some,Zoologists says that,Mismatching,Token,Category,T3,say,1,alligators,reptiles,mamals,N
207,6,some,Zoologists says that,Mismatching,Token,Category,T3,say,1,cats,mammals,fruit,N
208,6,some,Zoologists says that,Mismatching,Token,Category,T3,say,1,crocodiles,reptiles,mamals,O
209,6,some,Zoologists says that,Mismatching,Token,Category,T3,say,1,horses,mammals,fruit,O
210,6,some,Zoologists says that,Mismatching,Token,Category,T3,say,1,chameleons,reptiles,mamals,P
211,6,some,Zoologists says that,Mismatching,Token,Category,T3,say,1,dogs,mammals,fruit,P
212,6,some,Zoologists says that,Mismatching,Token,Category,T3,say,1,iguanas,reptiles,mamals,Q
213,6,some,Zoologists says that,Mismatching,Token,Category,T3,say,1,pigs,mammals,fruit,Q
214,6,some,Zoologists says that,Mismatching,Token,Category,T3,say,1,lizards,reptiles,mamals,R
215,6,some,Zoologists says that,Mismatching,Token,Category,T3,say,1,elephants,mammals,fruit,R
216,7,some,,Matching,Category,Token,T2,none,0,anchovies,fishes,birds,A
217,7,some,,Matching,Category,Token,T2,none,0,wasps,insects,fishes,A
218,7,some,,Matching,Category,Token,T2,none,0,carp,fishes,birds,B
219,7,some,,Matching,Category,Token,T2,none,0,cockroaches,insects,fishes,B
220,7,some,,Matching,Category,Token,T2,none,0,cod,fishes,birds,C
221,7,some,,Matching,Category,Token,T2,none,0,cicadas,insects,fishes,C
222,7,some,,Matching,Category,Token,T2,none,0,piranhas,fishes,birds,D
223,7,some,,Matching,Category,Token,T2,none,0,ants,insects,fishes,D
224,7,some,,Matching,Category,Token,T2,none,0,mackerels,fishes,birds,E
225,7,some,,Matching,Category,Token,T2,none,0,flies,insects,fishes,E
226,7,some,,Matching,Category,Token,T2,none,0,herring,fishes,birds,F
227,7,some,,Matching,Category,Token,T2,none,0,mosquitos,insects,fishes,F
228,7,some,,Matching,Category,Token,T2,none,0,eagles,birds,reptiles,G
229,7,some,,Matching,Category,Token,T2,none,0,strawberries,fruit,insects,G
230,7,some,,Matching,Category,Token,T2,none,0,canaries,birds,reptiles,H
231,7,some,,Matching,Category,Token,T2,none,0,bananas,fruit,insects,H
232,7,some,,Matching,Category,Token,T2,none,0,crows,birds,reptiles,I
233,7,some,,Matching,Category,Token,T2,none,0,apples,fruit,insects,I
234,7,some,,Matching,Category,Token,T2,none,0,owls,birds,reptiles,J
235,7,some,,Matching,Category,Token,T2,none,0,peaches,fruit,insects,J
236,7,some,,Matching,Category,Token,T2,none,0,sparrows,birds,reptiles,K
237,7,some,,Matching,Category,Token,T2,none,0,pears,fruit,insects,K
238,7,some,,Matching,Category,Token,T2,none,0,doves,birds,reptiles,L
239,7,some,,Matching,Category,Token,T2,none,0,plums,fruit,insects,L
240,7,some,,Matching,Category,Token,T2,none,0,alligators,reptiles,mamals,M
241,7,some,,Matching,Category,Token,T2,none,0,cats,mammals,fruit,M
242,7,some,,Matching,Category,Token,T2,none,0,crocodiles,reptiles,mamals,N
243,7,some,,Matching,Category,Token,T2,none,0,horses,mammals,fruit,N
244,7,some,,Matching,Category,Token,T2,none,0,chameleons,reptiles,mamals,O
245,7,some,,Matching,Category,Token,T2,none,0,dogs,mammals,fruit,O
246,7,some,,Matching,Category,Token,T2,none,0,iguanas,reptiles,mamals,P
247,7,some,,Matching,Category,Token,T2,none,0,pigs,mammals,fruit,P
248,7,some,,Matching,Category,Token,T2,none,0,lizards,reptiles,mamals,Q
249,7,some,,Matching,Category,Token,T2,none,0,elephants,mammals,fruit,Q
250,7,some,,Matching,Category,Token,T2,none,0,geckos,reptiles,mamals,R
251,7,some,,Matching,Category,Token,T2,none,0,sheep,mammals,fruit,R
252,8,some,Zoologists knows that,Matching,Category,Token,T2,know,1,carp,fishes,birds,A
253,8,some,Zoologists knows that,Matching,Category,Token,T2,know,1,cockroaches,insects,fishes,A
254,8,some,Zoologists knows that,Matching,Category,Token,T2,know,1,cod,fishes,birds,B
255,8,some,Zoologists knows that,Matching,Category,Token,T2,know,1,cicadas,insects,fishes,B
256,8,some,Zoologists knows that,Matching,Category,Token,T2,know,1,piranhas,fishes,birds,C
257,8,some,Zoologists knows that,Matching,Category,Token,T2,know,1,ants,insects,fishes,C
258,8,some,Zoologists knows that,Matching,Category,Token,T2,know,1,mackerels,fishes,birds,D
259,8,some,Zoologists knows that,Matching,Category,Token,T2,know,1,flies,insects,fishes,D
260,8,some,Zoologists knows that,Matching,Category,Token,T2,know,1,herring,fishes,birds,E
261,8,some,Zoologists knows that,Matching,Category,Token,T2,know,1,mosquitos,insects,fishes,E
262,8,some,Zoologists knows that,Matching,Category,Token,T2,know,1,eagles,birds,reptiles,F
263,8,some,Zoologists knows that,Matching,Category,Token,T2,know,1,strawberries,fruit,insects,F
264,8,some,Zoologists knows that,Matching,Category,Token,T2,know,1,canaries,birds,reptiles,G
265,8,some,Zoologists knows that,Matching,Category,Token,T2,know,1,bananas,fruit,insects,G
266,8,some,Zoologists knows that,Matching,Category,Token,T2,know,1,crows,birds,reptiles,H
267,8,some,Zoologists knows that,Matching,Category,Token,T2,know,1,apples,fruit,insects,H
268,8,some,Zoologists knows that,Matching,Category,Token,T2,know,1,owls,birds,reptiles,I
269,8,some,Zoologists knows that,Matching,Category,Token,T2,know,1,peaches,fruit,insects,I
270,8,some,Zoologists knows that,Matching,Category,Token,T2,know,1,sparrows,birds,reptiles,J
271,8,some,Zoologists knows that,Matching,Category,Token,T2,know,1,pears,fruit,insects,J
272,8,some,Zoologists knows that,Matching,Category,Token,T2,know,1,doves,birds,reptiles,K
273,8,some,Zoologists knows that,Matching,Category,Token,T2,know,1,plums,fruit,insects,K
274,8,some,Zoologists knows that,Matching,Category,Token,T2,know,1,alligators,reptiles,mamals,L
275,8,some,Zoologists knows that,Matching,Category,Token,T2,know,1,cats,mammals,fruit,L
276,8,some,Zoologists knows that,Matching,Category,Token,T2,know,1,crocodiles,reptiles,mamals,M
277,8,some,Zoologists knows that,Matching,Category,Token,T2,know,1,horses,mammals,fruit,M
278,8,some,Zoologists knows that,Matching,Category,Token,T2,know,1,chameleons,reptiles,mamals,N
279,8,some,Zoologists knows that,Matching,Category,Token,T2,know,1,dogs,mammals,fruit,N
280,8,some,Zoologists knows that,Matching,Category,Token,T2,know,1,iguanas,reptiles,mamals,O
281,8,some,Zoologists knows that,Matching,Category,Token,T2,know,1,pigs,mammals,fruit,O
282,8,some,Zoologists knows that,Matching,Category,Token,T2,know,1,lizards,reptiles,mamals,P
283,8,some,Zoologists knows that,Matching,Category,Token,T2,know,1,elephants,mammals,fruit,P
284,8,some,Zoologists knows that,Matching,Category,Token,T2,know,1,geckos,reptiles,mamals,Q
285,8,some,Zoologists knows that,Matching,Category,Token,T2,know,1,sheep,mammals,fruit,Q
286,8,some,Zoologists knows that,Matching,Category,Token,T2,know,1,anchovies,fishes,birds,R
287,8,some,Zoologists knows that,Matching,Category,Token,T2,know,1,wasps,insects,fishes,R
288,9,some,Zoologists says that,Matching,Category,Token,T2,say,1,cod,fishes,birds,A
289,9,some,Zoologists says that,Matching,Category,Token,T2,say,1,cicadas,insects,fishes,A
290,9,some,Zoologists says that,Matching,Category,Token,T2,say,1,piranhas,fishes,birds,B
291,9,some,Zoologists says that,Matching,Category,Token,T2,say,1,ants,insects,fishes,B
292,9,some,Zoologists says that,Matching,Category,Token,T2,say,1,mackerels,fishes,birds,C
293,9,some,Zoologists says that,Matching,Category,Token,T2,say,1,flies,insects,fishes,C
294,9,some,Zoologists says that,Matching,Category,Token,T2,say,1,herring,fishes,birds,D
295,9,some,Zoologists says that,Matching,Category,Token,T2,say,1,mosquitos,insects,fishes,D
296,9,some,Zoologists says that,Matching,Category,Token,T2,say,1,eagles,birds,reptiles,E
297,9,some,Zoologists says that,Matching,Category,Token,T2,say,1,strawberries,fruit,insects,E
298,9,some,Zoologists says that,Matching,Category,Token,T2,say,1,canaries,birds,reptiles,F
299,9,some,Zoologists says that,Matching,Category,Token,T2,say,1,bananas,fruit,insects,F
300,9,some,Zoologists says that,Matching,Category,Token,T2,say,1,crows,birds,reptiles,G
301,9,some,Zoologists says that,Matching,Category,Token,T2,say,1,apples,fruit,insects,G
302,9,some,Zoologists says that,Matching,Category,Token,T2,say,1,owls,birds,reptiles,H
303,9,some,Zoologists says that,Matching,Category,Token,T2,say,1,peaches,fruit,insects,H
304,9,some,Zoologists says that,Matching,Category,Token,T2,say,1,sparrows,birds,reptiles,I
305,9,some,Zoologists says that,Matching,Category,Token,T2,say,1,pears,fruit,insects,I
306,9,some,Zoologists says that,Matching,Category,Token,T2,say,1,doves,birds,reptiles,J
307,9,some,Zoologists says that,Matching,Category,Token,T2,say,1,plums,fruit,insects,J
308,9,some,Zoologists says that,Matching,Category,Token,T2,say,1,alligators,reptiles,mamals,K
309,9,some,Zoologists says that,Matching,Category,Token,T2,say,1,cats,mammals,fruit,K
310,9,some,Zoologists says that,Matching,Category,Token,T2,say,1,crocodiles,reptiles,mamals,L
311,9,some,Zoologists says that,Matching,Category,Token,T2,say,1,horses,mammals,fruit,L
312,9,some,Zoologists says that,Matching,Category,Token,T2,say,1,chameleons,reptiles,mamals,M
313,9,some,Zoologists says that,Matching,Category,Token,T2,say,1,dogs,mammals,fruit,M
314,9,some,Zoologists says that,Matching,Category,Token,T2,say,1,iguanas,reptiles,mamals,N
315,9,some,Zoologists says that,Matching,Category,Token,T2,say,1,pigs,mammals,fruit,N
316,9,some,Zoologists says that,Matching,Category,Token,T2,say,1,lizards,reptiles,mamals,O
317,9,some,Zoologists says that,Matching,Category,Token,T2,say,1,elephants,mammals,fruit,O
318,9,some,Zoologists says that,Matching,Category,Token,T2,say,1,geckos,reptiles,mamals,P
319,9,some,Zoologists says that,Matching,Category,Token,T2,say,1,sheep,mammals,fruit,P
320,9,some,Zoologists says that,Matching,Category,Token,T2,say,1,anchovies,fishes,birds,Q
321,9,some,Zoologists says that,Matching,Category,Token,T2,say,1,wasps,insects,fishes,Q
322,9,some,Zoologists says that,Matching,Category,Token,T2,say,1,carp,fishes,birds,R
323,9,some,Zoologists says that,Matching,Category,Token,T2,say,1,cockroaches,insects,fishes,R
324,10,all,,Matching,Token,Category,T4,none,0,piranhas,fishes,birds,A
325,10,all,,Matching,Token,Category,T4,none,0,ants,insects,fishes,A
326,10,all,,Matching,Token,Category,T4,none,0,mackerels,fishes,birds,B
327,10,all,,Matching,Token,Category,T4,none,0,flies,insects,fishes,B
328,10,all,,Matching,Token,Category,T4,none,0,herring,fishes,birds,C
329,10,all,,Matching,Token,Category,T4,none,0,mosquitos,insects,fishes,C
330,10,all,,Matching,Token,Category,T4,none,0,eagles,birds,reptiles,D
331,10,all,,Matching,Token,Category,T4,none,0,strawberries,fruit,insects,D
332,10,all,,Matching,Token,Category,T4,none,0,canaries,birds,reptiles,E
333,10,all,,Matching,Token,Category,T4,none,0,bananas,fruit,insects,E
334,10,all,,Matching,Token,Category,T4,none,0,crows,birds,reptiles,F
335,10,all,,Matching,Token,Category,T4,none,0,apples,fruit,insects,F
336,10,all,,Matching,Token,Category,T4,none,0,owls,birds,reptiles,G
337,10,all,,Matching,Token,Category,T4,none,0,peaches,fruit,insects,G
338,10,all,,Matching,Token,Category,T4,none,0,sparrows,birds,reptiles,H
339,10,all,,Matching,Token,Category,T4,none,0,pears,fruit,insects,H
340,10,all,,Matching,Token,Category,T4,none,0,doves,birds,reptiles,I
341,10,all,,Matching,Token,Category,T4,none,0,plums,fruit,insects,I
342,10,all,,Matching,Token,Category,T4,none,0,alligators,reptiles,mamals,J
343,10,all,,Matching,Token,Category,T4,none,0,cats,mammals,fruit,J
344,10,all,,Matching,Token,Category,T4,none,0,crocodiles,reptiles,mamals,K
345,10,all,,Matching,Token,Category,T4,none,0,horses,mammals,fruit,K
346,10,all,,Matching,Token,Category,T4,none,0,chameleons,reptiles,mamals,L
347,10,all,,Matching,Token,Category,T4,none,0,dogs,mammals,fruit,L
348,10,all,,Matching,Token,Category,T4,none,0,iguanas,reptiles,mamals,M
349,10,all,,Matching,Token,Category,T4,none,0,pigs,mammals,fruit,M
350,10,all,,Matching,Token,Category,T4,none,0,lizards,reptiles,mamals,N
351,10,all,,Matching,Token,Category,T4,none,0,elephants,mammals,fruit,N
352,10,all,,Matching,Token,Category,T4,none,0,geckos,reptiles,mamals,O
353,10,all,,Matching,Token,Category,T4,none,0,sheep,mammals,fruit,O
354,10,all,,Matching,Token,Category,T4,none,0,anchovies,fishes,birds,P
355,10,all,,Matching,Token,Category,T4,none,0,wasps,insects,fishes,P
356,10,all,,Matching,Token,Category,T4,none,0,carp,fishes,birds,Q
357,10,all,,Matching,Token,Category,T4,none,0,cockroaches,insects,fishes,Q
358,10,all,,Matching,Token,Category,T4,none,0,cod,fishes,birds,R
359,10,all,,Matching,Token,Category,T4,none,0,cicadas,insects,fishes,R
360,11,all,Zoologists knows that,Matching,Token,Category,T4,know,1,mackerels,fishes,birds,A
361,11,all,Zoologists knows that,Matching,Token,Category,T4,know,1,flies,insects,fishes,A
362,11,all,Zoologists knows that,Matching,Token,Category,T4,know,1,herring,fishes,birds,B
363,11,all,Zoologists knows that,Matching,Token,Category,T4,know,1,mosquitos,insects,fishes,B
364,11,all,Zoologists knows that,Matching,Token,Category,T4,know,1,eagles,birds,reptiles,C
365,11,all,Zoologists knows that,Matching,Token,Category,T4,know,1,strawberries,fruit,insects,C
366,11,all,Zoologists knows that,Matching,Token,Category,T4,know,1,canaries,birds,reptiles,D
367,11,all,Zoologists knows that,Matching,Token,Category,T4,know,1,bananas,fruit,insects,D
368,11,all,Zoologists knows that,Matching,Token,Category,T4,know,1,crows,birds,reptiles,E
369,11,all,Zoologists knows that,Matching,Token,Category,T4,know,1,apples,fruit,insects,E
370,11,all,Zoologists knows that,Matching,Token,Category,T4,know,1,owls,birds,reptiles,F
371,11,all,Zoologists knows that,Matching,Token,Category,T4,know,1,peaches,fruit,insects,F
372,11,all,Zoologists knows that,Matching,Token,Category,T4,know,1,sparrows,birds,reptiles,G
373,11,all,Zoologists knows that,Matching,Token,Category,T4,know,1,pears,fruit,insects,G
374,11,all,Zoologists knows that,Matching,Token,Category,T4,know,1,doves,birds,reptiles,H
375,11,all,Zoologists knows that,Matching,Token,Category,T4,know,1,plums,fruit,insects,H
376,11,all,Zoologists knows that,Matching,Token,Category,T4,know,1,alligators,reptiles,mamals,I
377,11,all,Zoologists knows that,Matching,Token,Category,T4,know,1,cats,mammals,fruit,I
378,11,all,Zoologists knows that,Matching,Token,Category,T4,know,1,crocodiles,reptiles,mamals,J
379,11,all,Zoologists knows that,Matching,Token,Category,T4,know,1,horses,mammals,fruit,J
380,11,all,Zoologists knows that,Matching,Token,Category,T4,know,1,chameleons,reptiles,mamals,K
381,11,all,Zoologists knows that,Matching,Token,Category,T4,know,1,dogs,mammals,fruit,K
382,11,all,Zoologists knows that,Matching,Token,Category,T4,know,1,iguanas,reptiles,mamals,L
383,11,all,Zoologists knows that,Matching,Token,Category,T4,know,1,pigs,mammals,fruit,L
384,11,all,Zoologists knows that,Matching,Token,Category,T4,know,1,lizards,reptiles,mamals,M
385,11,all,Zoologists knows that,Matching,Token,Category,T4,know,1,elephants,mammals,fruit,M
386,11,all,Zoologists knows that,Matching,Token,Category,T4,know,1,geckos,reptiles,mamals,N
387,11,all,Zoologists knows that,Matching,Token,Category,T4,know,1,sheep,mammals,fruit,N
388,11,all,Zoologists knows that,Matching,Token,Category,T4,know,1,anchovies,fishes,birds,O
389,11,all,Zoologists knows that,Matching,Token,Category,T4,know,1,wasps,insects,fishes,O
390,11,all,Zoologists knows that,Matching,Token,Category,T4,know,1,carp,fishes,birds,P
391,11,all,Zoologists knows that,Matching,Token,Category,T4,know,1,cockroaches,insects,fishes,P
392,11,all,Zoologists knows that,Matching,Token,Category,T4,know,1,cod,fishes,birds,Q
393,11,all,Zoologists knows that,Matching,Token,Category,T4,know,1,cicadas,insects,fishes,Q
394,11,all,Zoologists knows that,Matching,Token,Category,T4,know,1,piranhas,fishes,birds,R
395,11,all,Zoologists knows that,Matching,Token,Category,T4,know,1,ants,insects,fishes,R
396,12,all,Zoologists says that,Matching,Token,Category,T4,say,1,herring,fishes,birds,A
397,12,all,Zoologists says that,Matching,Token,Category,T4,say,1,mosquitos,insects,fishes,A
398,12,all,Zoologists says that,Matching,Token,Category,T4,say,1,eagles,birds,reptiles,B
399,12,all,Zoologists says that,Matching,Token,Category,T4,say,1,strawberries,fruit,insects,B
400,12,all,Zoologists says that,Matching,Token,Category,T4,say,1,canaries,birds,reptiles,C
401,12,all,Zoologists says that,Matching,Token,Category,T4,say,1,bananas,fruit,insects,C
402,12,all,Zoologists says that,Matching,Token,Category,T4,say,1,crows,birds,reptiles,D
403,12,all,Zoologists says that,Matching,Token,Category,T4,say,1,apples,fruit,insects,D
404,12,all,Zoologists says that,Matching,Token,Category,T4,say,1,owls,birds,reptiles,E
405,12,all,Zoologists says that,Matching,Token,Category,T4,say,1,peaches,fruit,insects,E
406,12,all,Zoologists says that,Matching,Token,Category,T4,say,1,sparrows,birds,reptiles,F
407,12,all,Zoologists says that,Matching,Token,Category,T4,say,1,pears,fruit,insects,F
408,12,all,Zoologists says that,Matching,Token,Category,T4,say,1,doves,birds,reptiles,G
409,12,all,Zoologists says that,Matching,Token,Category,T4,say,1,plums,fruit,insects,G
410,12,all,Zoologists says that,Matching,Token,Category,T4,say,1,alligators,reptiles,mamals,H
411,12,all,Zoologists says that,Matching,Token,Category,T4,say,1,cats,mammals,fruit,H
412,12,all,Zoologists says that,Matching,Token,Category,T4,say,1,crocodiles,reptiles,mamals,I
413,12,all,Zoologists says that,Matching,Token,Category,T4,say,1,horses,mammals,fruit,I
414,12,all,Zoologists says that,Matching,Token,Category,T4,say,1,chameleons,reptiles,mamals,J
415,12,all,Zoologists says that,Matching,Token,Category,T4,say,1,dogs,mammals,fruit,J
416,12,all,Zoologists says that,Matching,Token,Category,T4,say,1,iguanas,reptiles,mamals,K
417,12,all,Zoologists says that,Matching,Token,Category,T4,say,1,pigs,mammals,fruit,K
418,12,all,Zoologists says that,Matching,Token,Category,T4,say,1,lizards,reptiles,mamals,L
419,12,all,Zoologists says that,Matching,Token,Category,T4,say,1,elephants,mammals,fruit,L
420,12,all,Zoologists says that,Matching,Token,Category,T4,say,1,geckos,reptiles,mamals,M
421,12,all,Zoologists says that,Matching,Token,Category,T4,say,1,sheep,mammals,fruit,M
422,12,all,Zoologists says that,Matching,Token,Category,T4,say,1,anchovies,fishes,birds,N
423,12,all,Zoologists says that,Matching,Token,Category,T4,say,1,wasps,insects,fishes,N
424,12,all,Zoologists says that,Matching,Token,Category,T4,say,1,carp,fishes,birds,O
425,12,all,Zoologists says that,Matching,Token,Category,T4,say,1,cockroaches,insects,fishes,O
426,12,all,Zoologists says that,Matching,Token,Category,T4,say,1,cod,fishes,birds,P
427,12,all,Zoologists says that,Matching,Token,Category,T4,say,1,cicadas,insects,fishes,P
428,12,all,Zoologists says that,Matching,Token,Category,T4,say,1,piranhas,fishes,birds,Q
429,12,all,Zoologists says that,Matching,Token,Category,T4,say,1,ants,insects,fishes,Q
430,12,all,Zoologists says that,Matching,Token,Category,T4,say,1,mackerels,fishes,birds,R
431,12,all,Zoologists says that,Matching,Token,Category,T4,say,1,flies,insects,fishes,R
432,13,all,,Mismatching,Token,Category,T6,none,0,eagles,birds,reptiles,A
433,13,all,,Mismatching,Token,Category,T6,none,0,strawberries,fruit,insects,A
434,13,all,,Mismatching,Token,Category,T6,none,0,canaries,birds,reptiles,B
435,13,all,,Mismatching,Token,Category,T6,none,0,bananas,fruit,insects,B
436,13,all,,Mismatching,Token,Category,T6,none,0,crows,birds,reptiles,C
437,13,all,,Mismatching,Token,Category,T6,none,0,apples,fruit,insects,C
438,13,all,,Mismatching,Token,Category,T6,none,0,owls,birds,reptiles,D
439,13,all,,Mismatching,Token,Category,T6,none,0,peaches,fruit,insects,D
440,13,all,,Mismatching,Token,Category,T6,none,0,sparrows,birds,reptiles,E
441,13,all,,Mismatching,Token,Category,T6,none,0,pears,fruit,insects,E
442,13,all,,Mismatching,Token,Category,T6,none,0,doves,birds,reptiles,F
443,13,all,,Mismatching,Token,Category,T6,none,0,plums,fruit,insects,F
444,13,all,,Mismatching,Token,Category,T6,none,0,alligators,reptiles,mamals,G
445,13,all,,Mismatching,Token,Category,T6,none,0,cats,mammals,fruit,G
446,13,all,,Mismatching,Token,Category,T6,none,0,crocodiles,reptiles,mamals,H
447,13,all,,Mismatching,Token,Category,T6,none,0,horses,mammals,fruit,H
448,13,all,,Mismatching,Token,Category,T6,none,0,chameleons,reptiles,mamals,I
449,13,all,,Mismatching,Token,Category,T6,none,0,dogs,mammals,fruit,I
450,13,all,,Mismatching,Token,Category,T6,none,0,iguanas,reptiles,mamals,J
451,13,all,,Mismatching,Token,Category,T6,none,0,pigs,mammals,fruit,J
452,13,all,,Mismatching,Token,Category,T6,none,0,lizards,reptiles,mamals,K
453,13,all,,Mismatching,Token,Category,T6,none,0,elephants,mammals,fruit,K
454,13,all,,Mismatching,Token,Category,T6,none,0,geckos,reptiles,mamals,L
455,13,all,,Mismatching,Token,Category,T6,none,0,sheep,mammals,fruit,L
456,13,all,,Mismatching,Token,Category,T6,none,0,anchovies,fishes,birds,M
457,13,all,,Mismatching,Token,Category,T6,none,0,wasps,insects,fishes,M
458,13,all,,Mismatching,Token,Category,T6,none,0,carp,fishes,birds,N
459,13,all,,Mismatching,Token,Category,T6,none,0,cockroaches,insects,fishes,N
460,13,all,,Mismatching,Token,Category,T6,none,0,cod,fishes,birds,O
461,13,all,,Mismatching,Token,Category,T6,none,0,cicadas,insects,fishes,O
462,13,all,,Mismatching,Token,Category,T6,none,0,piranhas,fishes,birds,P
463,13,all,,Mismatching,Token,Category,T6,none,0,ants,insects,fishes,P
464,13,all,,Mismatching,Token,Category,T6,none,0,mackerels,fishes,birds,Q
465,13,all,,Mismatching,Token,Category,T6,none,0,flies,insects,fishes,Q
466,13,all,,Mismatching,Token,Category,T6,none,0,herring,fishes,birds,R
467,13,all,,Mismatching,Token,Category,T6,none,0,mosquitos,insects,fishes,R
468,14,all,Zoologists knows that,Mismatching,Token,Category,T6,know,1,canaries,birds,reptiles,A
469,14,all,Zoologists knows that,Mismatching,Token,Category,T6,know,1,bananas,fruit,insects,A
470,14,all,Zoologists knows that,Mismatching,Token,Category,T6,know,1,crows,birds,reptiles,B
471,14,all,Zoologists knows that,Mismatching,Token,Category,T6,know,1,apples,fruit,insects,B
472,14,all,Zoologists knows that,Mismatching,Token,Category,T6,know,1,owls,birds,reptiles,C
473,14,all,Zoologists knows that,Mismatching,Token,Category,T6,know,1,peaches,fruit,insects,C
474,14,all,Zoologists knows that,Mismatching,Token,Category,T6,know,1,sparrows,birds,reptiles,D
475,14,all,Zoologists knows that,Mismatching,Token,Category,T6,know,1,pears,fruit,insects,D
476,14,all,Zoologists knows that,Mismatching,Token,Category,T6,know,1,doves,birds,reptiles,E
477,14,all,Zoologists knows that,Mismatching,Token,Category,T6,know,1,plums,fruit,insects,E
478,14,all,Zoologists knows that,Mismatching,Token,Category,T6,know,1,alligators,reptiles,mamals,F
479,14,all,Zoologists knows that,Mismatching,Token,Category,T6,know,1,cats,mammals,fruit,F
480,14,all,Zoologists knows that,Mismatching,Token,Category,T6,know,1,crocodiles,reptiles,mamals,G
481,14,all,Zoologists knows that,Mismatching,Token,Category,T6,know,1,horses,mammals,fruit,G
482,14,all,Zoologists knows that,Mismatching,Token,Category,T6,know,1,chameleons,reptiles,mamals,H
483,14,all,Zoologists knows that,Mismatching,Token,Category,T6,know,1,dogs,mammals,fruit,H
484,14,all,Zoologists knows that,Mismatching,Token,Category,T6,know,1,iguanas,reptiles,mamals,I
485,14,all,Zoologists knows that,Mismatching,Token,Category,T6,know,1,pigs,mammals,fruit,I
486,14,all,Zoologists knows that,Mismatching,Token,Category,T6,know,1,lizards,reptiles,mamals,J
487,14,all,Zoologists knows that,Mismatching,Token,Category,T6,know,1,elephants,mammals,fruit,J
488,14,all,Zoologists knows that,Mismatching,Token,Category,T6,know,1,geckos,reptiles,mamals,K
489,14,all,Zoologists knows that,Mismatching,Token,Category,T6,know,1,sheep,mammals,fruit,K
490,14,all,Zoologists knows that,Mismatching,Token,Category,T6,know,1,anchovies,fishes,birds,L
491,14,all,Zoologists knows that,Mismatching,Token,Category,T6,know,1,wasps,insects,fishes,L
492,14,all,Zoologists knows that,Mismatching,Token,Category,T6,know,1,carp,fishes,birds,M
493,14,all,Zoologists knows that,Mismatching,Token,Category,T6,know,1,cockroaches,insects,fishes,M
494,14,all,Zoologists knows that,Mismatching,Token,Category,T6,know,1,cod,fishes,birds,N
495,14,all,Zoologists knows that,Mismatching,Token,Category,T6,know,1,cicadas,insects,fishes,N
496,14,all,Zoologists knows that,Mismatching,Token,Category,T6,know,1,piranhas,fishes,birds,O
497,14,all,Zoologists knows that,Mismatching,Token,Category,T6,know,1,ants,insects,fishes,O
498,14,all,Zoologists knows that,Mismatching,Token,Category,T6,know,1,mackerels,fishes,birds,P
499,14,all,Zoologists knows that,Mismatching,Token,Category,T6,know,1,flies,insects,fishes,P
500,14,all,Zoologists knows that,Mismatching,Token,Category,T6,know,1,herring,fishes,birds,Q
501,14,all,Zoologists knows that,Mismatching,Token,Category,T6,know,1,mosquitos,insects,fishes,Q
502,14,all,Zoologists knows that,Mismatching,Token,Category,T6,know,1,eagles,birds,reptiles,R
503,14,all,Zoologists knows that,Mismatching,Token,Category,T6,know,1,strawberries,fruit,insects,R
504,15,all,Zoologists says that,Mismatching,Token,Category,T6,say,1,crows,birds,reptiles,A
505,15,all,Zoologists says that,Mismatching,Token,Category,T6,say,1,apples,fruit,insects,A
506,15,all,Zoologists says that,Mismatching,Token,Category,T6,say,1,owls,birds,reptiles,B
507,15,all,Zoologists says that,Mismatching,Token,Category,T6,say,1,peaches,fruit,insects,B
508,15,all,Zoologists says that,Mismatching,Token,Category,T6,say,1,sparrows,birds,reptiles,C
509,15,all,Zoologists says that,Mismatching,Token,Category,T6,say,1,pears,fruit,insects,C
510,15,all,Zoologists says that,Mismatching,Token,Category,T6,say,1,doves,birds,reptiles,D
511,15,all,Zoologists says that,Mismatching,Token,Category,T6,say,1,plums,fruit,insects,D
512,15,all,Zoologists says that,Mismatching,Token,Category,T6,say,1,alligators,reptiles,mamals,E
513,15,all,Zoologists says that,Mismatching,Token,Category,T6,say,1,cats,mammals,fruit,E
514,15,all,Zoologists says that,Mismatching,Token,Category,T6,say,1,crocodiles,reptiles,mamals,F
515,15,all,Zoologists says that,Mismatching,Token,Category,T6,say,1,horses,mammals,fruit,F
516,15,all,Zoologists says that,Mismatching,Token,Category,T6,say,1,chameleons,reptiles,mamals,G
517,15,all,Zoologists says that,Mismatching,Token,Category,T6,say,1,dogs,mammals,fruit,G
518,15,all,Zoologists says that,Mismatching,Token,Category,T6,say,1,iguanas,reptiles,mamals,H
519,15,all,Zoologists says that,Mismatching,Token,Category,T6,say,1,pigs,mammals,fruit,H
520,15,all,Zoologists says that,Mismatching,Token,Category,T6,say,1,lizards,reptiles,mamals,I
521,15,all,Zoologists says that,Mismatching,Token,Category,T6,say,1,elephants,mammals,fruit,I
522,15,all,Zoologists says that,Mismatching,Token,Category,T6,say,1,geckos,reptiles,mamals,J
523,15,all,Zoologists says that,Mismatching,Token,Category,T6,say,1,sheep,mammals,fruit,J
524,15,all,Zoologists says that,Mismatching,Token,Category,T6,say,1,anchovies,fishes,birds,K
525,15,all,Zoologists says that,Mismatching,Token,Category,T6,say,1,wasps,insects,fishes,K
526,15,all,Zoologists says that,Mismatching,Token,Category,T6,say,1,carp,fishes,birds,L
527,15,all,Zoologists says that,Mismatching,Token,Category,T6,say,1,cockroaches,insects,fishes,L
528,15,all,Zoologists says that,Mismatching,Token,Category,T6,say,1,cod,fishes,birds,M
529,15,all,Zoologists says that,Mismatching,Token,Category,T6,say,1,cicadas,insects,fishes,M
530,15,all,Zoologists says that,Mismatching,Token,Category,T6,say,1,piranhas,fishes,birds,N
531,15,all,Zoologists says that,Mismatching,Token,Category,T6,say,1,ants,insects,fishes,N
532,15,all,Zoologists says that,Mismatching,Token,Category,T6,say,1,mackerels,fishes,birds,O
533,15,all,Zoologists says that,Mismatching,Token,Category,T6,say,1,flies,insects,fishes,O
534,15,all,Zoologists says that,Mismatching,Token,Category,T6,say,1,herring,fishes,birds,P
535,15,all,Zoologists says that,Mismatching,Token,Category,T6,say,1,mosquitos,insects,fishes,P
536,15,all,Zoologists says that,Mismatching,Token,Category,T6,say,1,eagles,birds,reptiles,Q
537,15,all,Zoologists says that,Mismatching,Token,Category,T6,say,1,strawberries,fruit,insects,Q
538,15,all,Zoologists says that,Mismatching,Token,Category,T6,say,1,canaries,birds,reptiles,R
539,15,all,Zoologists says that,Mismatching,Token,Category,T6,say,1,bananas,fruit,insects,R
540,16,all,,Matching,Category,Token,T5,none,0,owls,birds,reptiles,A
541,16,all,,Matching,Category,Token,T5,none,0,peaches,fruit,insects,A
542,16,all,,Matching,Category,Token,T5,none,0,sparrows,birds,reptiles,B
543,16,all,,Matching,Category,Token,T5,none,0,pears,fruit,insects,B
544,16,all,,Matching,Category,Token,T5,none,0,doves,birds,reptiles,C
545,16,all,,Matching,Category,Token,T5,none,0,plums,fruit,insects,C
546,16,all,,Matching,Category,Token,T5,none,0,alligators,reptiles,mamals,D
547,16,all,,Matching,Category,Token,T5,none,0,cats,mammals,fruit,D
548,16,all,,Matching,Category,Token,T5,none,0,crocodiles,reptiles,mamals,E
549,16,all,,Matching,Category,Token,T5,none,0,horses,mammals,fruit,E
550,16,all,,Matching,Category,Token,T5,none,0,chameleons,reptiles,mamals,F
551,16,all,,Matching,Category,Token,T5,none,0,dogs,mammals,fruit,F
552,16,all,,Matching,Category,Token,T5,none,0,iguanas,reptiles,mamals,G
553,16,all,,Matching,Category,Token,T5,none,0,pigs,mammals,fruit,G
554,16,all,,Matching,Category,Token,T5,none,0,lizards,reptiles,mamals,H
555,16,all,,Matching,Category,Token,T5,none,0,elephants,mammals,fruit,H
556,16,all,,Matching,Category,Token,T5,none,0,geckos,reptiles,mamals,I
557,16,all,,Matching,Category,Token,T5,none,0,sheep,mammals,fruit,I
558,16,all,,Matching,Category,Token,T5,none,0,anchovies,fishes,birds,J
559,16,all,,Matching,Category,Token,T5,none,0,wasps,insects,fishes,J
560,16,all,,Matching,Category,Token,T5,none,0,carp,fishes,birds,K
561,16,all,,Matching,Category,Token,T5,none,0,cockroaches,insects,fishes,K
562,16,all,,Matching,Category,Token,T5,none,0,cod,fishes,birds,L
563,16,all,,Matching,Category,Token,T5,none,0,cicadas,insects,fishes,L
564,16,all,,Matching,Category,Token,T5,none,0,piranhas,fishes,birds,M
565,16,all,,Matching,Category,Token,T5,none,0,ants,insects,fishes,M
566,16,all,,Matching,Category,Token,T5,none,0,mackerels,fishes,birds,N
567,16,all,,Matching,Category,Token,T5,none,0,flies,insects,fishes,N
568,16,all,,Matching,Category,Token,T5,none,0,herring,fishes,birds,O
569,16,all,,Matching,Category,Token,T5,none,0,mosquitos,insects,fishes,O
570,16,all,,Matching,Category,Token,T5,none,0,eagles,birds,reptiles,P
571,16,all,,Matching,Category,Token,T5,none,0,strawberries,fruit,insects,P
572,16,all,,Matching,Category,Token,T5,none,0,canaries,birds,reptiles,Q
573,16,all,,Matching,Category,Token,T5,none,0,bananas,fruit,insects,Q
574,16,all,,Matching,Category,Token,T5,none,0,crows,birds,reptiles,R
575,16,all,,Matching,Category,Token,T5,none,0,apples,fruit,insects,R
576,17,all,Zoologists knows that,Matching,Category,Token,T5,know,1,sparrows,birds,reptiles,A
577,17,all,Zoologists knows that,Matching,Category,Token,T5,know,1,pears,fruit,insects,A
578,17,all,Zoologists knows that,Matching,Category,Token,T5,know,1,doves,birds,reptiles,B
579,17,all,Zoologists knows that,Matching,Category,Token,T5,know,1,plums,fruit,insects,B
580,17,all,Zoologists knows that,Matching,Category,Token,T5,know,1,alligators,reptiles,mamals,C
581,17,all,Zoologists knows that,Matching,Category,Token,T5,know,1,cats,mammals,fruit,C
582,17,all,Zoologists knows that,Matching,Category,Token,T5,know,1,crocodiles,reptiles,mamals,D
583,17,all,Zoologists knows that,Matching,Category,Token,T5,know,1,horses,mammals,fruit,D
584,17,all,Zoologists knows that,Matching,Category,Token,T5,know,1,chameleons,reptiles,mamals,E
585,17,all,Zoologists knows that,Matching,Category,Token,T5,know,1,dogs,mammals,fruit,E
586,17,all,Zoologists knows that,Matching,Category,Token,T5,know,1,iguanas,reptiles,mamals,F
587,17,all,Zoologists knows that,Matching,Category,Token,T5,know,1,pigs,mammals,fruit,F
588,17,all,Zoologists knows that,Matching,Category,Token,T5,know,1,lizards,reptiles,mamals,G
589,17,all,Zoologists knows that,Matching,Category,Token,T5,know,1,elephants,mammals,fruit,G
590,17,all,Zoologists knows that,Matching,Category,Token,T5,know,1,geckos,reptiles,mamals,H
591,17,all,Zoologists knows that,Matching,Category,Token,T5,know,1,sheep,mammals,fruit,H
592,17,all,Zoologists knows that,Matching,Category,Token,T5,know,1,anchovies,fishes,birds,I
593,17,all,Zoologists knows that,Matching,Category,Token,T5,know,1,wasps,insects,fishes,I
594,17,all,Zoologists knows that,Matching,Category,Token,T5,know,1,carp,fishes,birds,J
595,17,all,Zoologists knows that,Matching,Category,Token,T5,know,1,cockroaches,insects,fishes,J
596,17,all,Zoologists knows that,Matching,Category,Token,T5,know,1,cod,fishes,birds,K
597,17,all,Zoologists knows that,Matching,Category,Token,T5,know,1,cicadas,insects,fishes,K
598,17,all,Zoologists knows that,Matching,Category,Token,T5,know,1,piranhas,fishes,birds,L
599,17,all,Zoologists knows that,Matching,Category,Token,T5,know,1,ants,insects,fishes,L
600,17,all,Zoologists knows that,Matching,Category,Token,T5,know,1,mackerels,fishes,birds,M
601,17,all,Zoologists knows that,Matching,Category,Token,T5,know,1,flies,insects,fishes,M
602,17,all,Zoologists knows that,Matching,Category,Token,T5,know,1,herring,fishes,birds,N
603,17,all,Zoologists knows that,Matching,Category,Token,T5,know,1,mosquitos,insects,fishes,N
604,17,all,Zoologists knows that,Matching,Category,Token,T5,know,1,eagles,birds,reptiles,O
605,17,all,Zoologists knows that,Matching,Category,Token,T5,know,1,strawberries,fruit,insects,O
606,17,all,Zoologists knows that,Matching,Category,Token,T5,know,1,canaries,birds,reptiles,P
607,17,all,Zoologists knows that,Matching,Category,Token,T5,know,1,bananas,fruit,insects,P
608,17,all,Zoologists knows that,Matching,Category,Token,T5,know,1,crows,birds,reptiles,Q
609,17,all,Zoologists knows that,Matching,Category,Token,T5,know,1,apples,fruit,insects,Q
610,17,all,Zoologists knows that,Matching,Category,Token,T5,know,1,owls,birds,reptiles,R
611,17,all,Zoologists knows that,Matching,Category,Token,T5,know,1,peaches,fruit,insects,R
612,18,all,Zoologists says that,Matching,Category,Token,T5,say,1,doves,birds,reptiles,A
613,18,all,Zoologists says that,Matching,Category,Token,T5,say,1,plums,fruit,insects,A
614,18,all,Zoologists says that,Matching,Category,Token,T5,say,1,alligators,reptiles,mamals,B
615,18,all,Zoologists says that,Matching,Category,Token,T5,say,1,cats,mammals,fruit,B
616,18,all,Zoologists says that,Matching,Category,Token,T5,say,1,crocodiles,reptiles,mamals,C
617,18,all,Zoologists says that,Matching,Category,Token,T5,say,1,horses,mammals,fruit,C
618,18,all,Zoologists says that,Matching,Category,Token,T5,say,1,chameleons,reptiles,mamals,D
619,18,all,Zoologists says that,Matching,Category,Token,T5,say,1,dogs,mammals,fruit,D
620,18,all,Zoologists says that,Matching,Category,Token,T5,say,1,iguanas,reptiles,mamals,E
621,18,all,Zoologists says that,Matching,Category,Token,T5,say,1,pigs,mammals,fruit,E
622,18,all,Zoologists says that,Matching,Category,Token,T5,say,1,lizards,reptiles,mamals,F
623,18,all,Zoologists says that,Matching,Category,Token,T5,say,1,elephants,mammals,fruit,F
624,18,all,Zoologists says that,Matching,Category,Token,T5,say,1,geckos,reptiles,mamals,G
625,18,all,Zoologists says that,Matching,Category,Token,T5,say,1,sheep,mammals,fruit,G
626,18,all,Zoologists says that,Matching,Category,Token,T5,say,1,anchovies,fishes,birds,H
627,18,all,Zoologists says that,Matching,Category,Token,T5,say,1,wasps,insects,fishes,H
628,18,all,Zoologists says that,Matching,Category,Token,T5,say,1,carp,fishes,birds,I
629,18,all,Zoologists says that,Matching,Category,Token,T5,say,1,cockroaches,insects,fishes,I
630,18,all,Zoologists says that,Matching,Category,Token,T5,say,1,cod,fishes,birds,J
631,18,all,Zoologists says that,Matching,Category,Token,T5,say,1,cicadas,insects,fishes,J
632,18,all,Zoologists says that,Matching,Category,Token,T5,say,1,piranhas,fishes,birds,K
633,18,all,Zoologists says that,Matching,Category,Token,T5,say,1,ants,insects,fishes,K
634,18,all,Zoologists says that,Matching,Category,Token,T5,say,1,mackerels,fishes,birds,L
635,18,all,Zoologists says that,Matching,Category,Token,T5,say,1,flies,insects,fishes,L
636,18,all,Zoologists says that,Matching,Category,Token,T5,say,1,herring,fishes,birds,M
637,18,all,Zoologists says that,Matching,Category,Token,T5,say,1,mosquitos,insects,fishes,M
638,18,all,Zoologists says that,Matching,Category,Token,T5,say,1,eagles,birds,reptiles,N
639,18,all,Zoologists says that,Matching,Category,Token,T5,say,1,strawberries,fruit,insects,N
640,18,all,Zoologists says that,Matching,Category,Token,T5,say,1,canaries,birds,reptiles,O
641,18,all,Zoologists says that,Matching,Category,Token,T5,say,1,bananas,fruit,insects,O
642,18,all,Zoologists says that,Matching,Category,Token,T5,say,1,crows,birds,reptiles,P
643,18,all,Zoologists says that,Matching,Category,Token,T5,say,1,apples,fruit,insects,P
644,18,all,Zoologists says that,Matching,Category,Token,T5,say,1,owls,birds,reptiles,Q
645,18,all,Zoologists says that,Matching,Category,Token,T5,say,1,peaches,fruit,insects,Q
646,18,all,Zoologists says that,Matching,Category,Token,T5,say,1,sparrows,birds,reptiles,R
647,18,all,Zoologists says that,Matching,Category,Token,T5,say,1,pears,fruit,insects,R